{
    "cameraMatrix": [
        [
            1011.8273697893925,
            0.0,
            744.8479453817835
        ],
        [
            0.0,
            1011.1891098763836,
            568.9298722017875
        ],
        [
            0.0,
            0.0,
            1.0
        ]
    ],
    "distCoeffs": [
        -0.21471481292995498,
        0.10719626529193438,
        0.00016044823217297634,
        -0.000343418632488825,
        -0.028175542050742394
    ]
}