{
    "cameraMatrix": [
        [
            1021.0452407278759,
            0.0,
            751.907667518108
        ],
        [
            0.0,
            1020.4436997599943,
            571.3157546187196
        ],
        [
            0.0,
            0.0,
            1.0
        ]
    ],
    "distCoeffs": [
        -0.22125784587496292,
        0.13026556634070988,
        0.0004095216480880046,
        -0.00041669874811823144,
        -0.04374988615328872
    ],
    "rmsError": [
        0.38769072412111283
    ]
}