{
  "field_bounds": [
    83,
    105,
    524,
    305
  ],
  "field_corners": [
    [
      83,
      105
    ],
    [
      606,
      105
    ],
    [
      606,
      409
    ],
    [
      83,
      409
    ]
  ],
  "field_min_area_rect": {
    "center": [
      344.5,
      257.0
    ],
    "size": [
      304.0,
      523.0
    ],
    "angle": 90.0
  },
  "field_rect_points": [
    [
      83,
      105
    ],
    [
      606,
      105
    ],
    [
      606,
      409
    ],
    [
      83,
      409
    ]
  ],
  "goals": [
    {
      "bounds": [
        589,
        222,
        23,
        77
      ],
      "center": [
        600,
        260
      ],
      "area": 1175.5,
      "type": "right"
    },
    {
      "bounds": [
        78,
        216,
        28,
        81
      ],
      "center": [
        92,
        256
      ],
      "area": 1206.5,
      "type": "left"
    }
  ],
  "transform_matrix": [
    [
      0.22562141491395804,
      3.1299025669006785e-18,
      -18.726577437858516
    ],
    [
      5.862563826403467e-18,
      0.22368421052631582,
      -23.486842105263165
    ],
    [
      5.993780810033465e-19,
      1.5196565260687133e-35,
      1.0
    ]
  ]
}