{
  "field_bounds": [
    84,
    105,
    523,
    306
  ],
  "field_corners": [
    [
      83,
      105
    ],
    [
      605,
      102
    ],
    [
      607,
      406
    ],
    [
      85,
      410
    ]
  ],
  "field_min_area_rect": {
    "center": [
      345.64764404296875,
      256.1637878417969
    ],
    "size": [
      304.79693603515625,
      522.1223754882812
    ],
    "angle": 89.65691375732422
  },
  "field_rect_points": [
    [
      83,
      105
    ],
    [
      605,
      102
    ],
    [
      607,
      406
    ],
    [
      85,
      410
    ]
  ],
  "goals": [
    {
      "bounds": [
        588,
        222,
        24,
        77
      ],
      "center": [
        600,
        260
      ],
      "area": 1193.5,
      "type": "right"
    },
    {
      "bounds": [
        78,
        216,
        28,
        81
      ],
      "center": [
        92,
        256
      ],
      "area": 1198.0,
      "type": "left"
    }
  ],
  "transform_matrix": [
    [
      0.2251885960796607,
      -0.0014766465316699104,
      -18.5356055887865
    ],
    [
      0.0012806379617537258,
      0.2228310053451516,
      -23.503548512066477
    ],
    [
      -6.277005186899705e-06,
      8.246040799981414e-08,
      1.0
    ]
  ]
}