{
  "field_corners": [
    [
      112,
      147
    ],
    [
      595,
      146
    ],
    [
      604,
      418
    ],
    [
      113,
      436
    ]
  ],
  "goals": [
    {
      "bounds": [
        91,
        250,
        42,
        82
      ],
      "center": [
        112,
        291
      ],
      "area": 1600.0,
      "type": "left"
    },
    {
      "bounds": [
        577,
        241,
        44,
        82
      ],
      "center": [
        599,
        282
      ],
      "area": 1600.0,
      "type": "right"
    }
  ],
  "field_transform_matrix": [
    [
      1.0,
      5.68787735901553e-19,
      -269.99999999999994
    ],
    [
      6.902761536400221e-17,
      -1.0,
      359.99999999999994
    ],
    [
      -2.088097377187171e-19,
      -2.0880972123921847e-19,
      1.0
    ]
  ],
  "perspective_transform_matrix": [
    [
      0.9407602183338754,
      -0.0016062236262429465,
      -78.24494003628617
    ],
    [
      -0.02414950261013124,
      0.9955551801930894,
      75.37991768250151
    ],
    [
      -0.0001190305788046139,
      6.148602024572666e-05,
      1.0
    ]
  ]
}