{
  "field_corners": [
    [
      113,
      146
    ],
    [
      595,
      146
    ],
    [
      604,
      418
    ],
    [
      113,
      436
    ]
  ],
  "goals": [
    {
      "bounds": [
        93,
        251,
        41,
        81
      ],
      "center": [
        113,
        291
      ],
      "area": 1600.0,
      "type": "left"
    },
    {
      "bounds": [
        577,
        241,
        44,
        82
      ],
      "center": [
        599,
        282
      ],
      "area": 1600.0,
      "type": "right"
    }
  ],
  "field_transform_matrix": [
    [
      1.0,
      5.68787735901553e-19,
      -269.99999999999994
    ],
    [
      6.902761536400221e-17,
      -1.0,
      359.99999999999994
    ],
    [
      -2.088097377187171e-19,
      -2.0880972123921847e-19,
      1.0
    ]
  ],
  "perspective_transform_matrix": [
    [
      0.9394446493434313,
      0.0018456240600777914,
      -79.5412957360863
    ],
    [
      -0.0276886463189806,
      0.9958329167759554,
      76.76976004371446
    ],
    [
      -0.00012587687980287026,
      6.83564466695469e-05,
      1.0
    ]
  ]
}