{
  "field_bounds": [
    29,
    141,
    445,
    307
  ],
  "field_corners": [
    [
      28,
      141
    ],
    [
      467,
      125
    ],
    [
      478,
      434
    ],
    [
      39,
      449
    ]
  ],
  "field_min_area_rect": {
    "center": [
      253.28382873535156,
      287.7315673828125
    ],
    "size": [
      308.74755859375,
      439.2906188964844
    ],
    "angle": 88.02507019042969
  },
  "field_rect_points": [
    [
      28,
      141
    ],
    [
      467,
      125
    ],
    [
      478,
      434
    ],
    [
      39,
      449
    ]
  ],
  "goals": [
    {
      "bounds": [
        13,
        255,
        40,
        80
      ],
      "center": [
        