{
  "field_bounds": [
    30,
    136,
    521,
    316
  ],
  "field_corners": [
    [
      27,
      146
    ],
    [
      544,
      127
    ],
    [
      555,
      434
    ],
    [
      39,
      453
    ]
  ],
  "field_min_area_rect": {
    "center": [
      291.8352966308594,
      290.7870178222656
    ],
    "size": [
      307.0948181152344,
      516.845703125
    ],
    "angle": 87.90984344482422
  },
  "field_rect_points": [
    [
      27,
      146
    ],
    [
      544,
      127
    ],
    [
      555,
      434
    ],
    [
      39,
      453
    ]
  ],
  "goals": [
    {
      "bounds": [
        13,
        259,
        40,
        80
      ],
      "center": [
        