{
  "field_bounds": [
    162,
    218,
    1120,
    678
  ],
  "field_corners": [
    [
      169,
      208
    ],
    [
      1283,
      226
    ],
    [
      1271,
      903
    ],
    [
      158,
      885
    ]
  ],
  "field_min_area_rect": {
    "center": [
      720.57177734375,
      556.0866088867188
    ],
    "size": [
      1114.0072021484375,
      677.13818359375
    ],
    "angle": 0.9315567016601562
  },
  "field_rect_points": [
    [
      158,
      885
    ],
    [
      169,
      208
    ],
    [
      1283,
      226
    ],
    [
      1271,
      903
    ]
  ],
  "goals": [
    {
      "bounds": [
        143,
        506,
        40,
        80
      ],
      "center": [
        