{
  "field_corners": [
    [
      112,
      148
    ],
    [
      593,
      145
    ],
    [
      604,
      419
    ],
    [
      114,
      436
    ]
  ],
  "goals": [
    {
      "bounds": [
        92,
        251,
        42,
        82
      ],
      "center": [
        113,
        292
      ],
      "area": 1600.0,
      "type": "left"
    },
    {
      "bounds": [
        576,
        241,
        44,
        82
      ],
      "center": [
        598,
        282
      ],
      "area": 1600.0,
      "type": "right"
    }
  ],
  "field_transform_matrix": [
    [
      1.0,
      5.68787735901553e-19,
      -269.99999999999994
    ],
    [
      6.902761536400221e-17,
      -1.0,
      359.99999999999994
    ],
    [
      -2.088097377187171e-19,
      -2.0880972123921847e-19,
      1.0
    ]
  ],
  "perspective_transform_matrix": [
    [
      0.9590163645568831,
      -0.004797903337105174,
      -79.71865227641965
    ],
    [
      -0.015437370682400985,
      1.0063663987164368,
      72.59880272602457
    ],
    [
      -9.828123623380905e-05,
      6.964297258025838e-05,
      1.0
    ]
  ]
}